[{"id":"caba","nombre":"CABA","disponibilidad":"CABA"},{"id":"resto-pais","nombre":"Resto del país","disponibilidad":"Resto Pais"},{"id":"buenos-aires","nombre":"Buenos Aires (provincia)","disponibilidad":"Resto Pais"},{"id":"cordoba","nombre":"Córdoba","disponibilidad":"Resto Pais"},{"id":"santa-fe","nombre":"Santa Fe","disponibilidad":"Resto Pais"},{"id":"mendoza","nombre":"Mendoza","disponibilidad":"Resto Pais"},{"id":"tucuman","nombre":"Tucumán","disponibilidad":"Resto Pais"},{"id":"entre-rios","nombre":"Entre Ríos","disponibilidad":"Resto Pais"},{"id":"salta","nombre":"Salta","disponibilidad":"Resto Pais"},{"id":"chaco","nombre":"Chaco","disponibilidad":"Resto Pais"},{"id":"misiones","nombre":"Misiones","disponibilidad":"Resto Pais"},{"id":"corrientes","nombre":"Corrientes","disponibilidad":"Resto Pais"},{"id":"santiago-del-estero","nombre":"Santiago del Estero","disponibilidad":"Resto Pais"},{"id":"san-juan","nombre":"San Juan","disponibilidad":"Resto Pais"},{"id":"rio-negro","nombre":"Río Negro","disponibilidad":"Resto Pais"},{"id":"neuquen","nombre":"Neuquén","disponibilidad":"Resto Pais"},{"id":"formosa","nombre":"Formosa","disponibilidad":"Resto Pais"},{"id":"chubut","nombre":"Chubut","disponibilidad":"Resto Pais"},{"id":"san-luis","nombre":"San Luis","disponibilidad":"Resto Pais"},{"id":"catamarca","nombre":"Catamarca","disponibilidad":"Resto Pais"},{"id":"la-rioja","nombre":"La Rioja","disponibilidad":"Resto Pais"},{"id":"la-pampa","nombre":"La Pampa","disponibilidad":"Resto Pais"},{"id":"jujuy","nombre":"Jujuy","disponibilidad":"Resto Pais"},{"id":"tierra-del-fuego","nombre":"Tierra del Fuego","disponibilidad":"Resto Pais"}]
